Layer-Head ID,pre,Layer-Head ID,recall,Layer-Head ID,inf
16-10,0.5142916857,2-9,1,16-10,0.5860542148
17-29,0.4023751356,2-27,1,17-29,0.4687408
14-31,0.3589743457,2-28,1,14-31,0.4557720708
16-1,0.3351686089,2-8,1,0-29,0.4380948774
17-24,0.3082260041,4-17,1,24-17,0.4374233985
20-24,0.3039978684,2-31,1,16-1,0.4212142799
16-19,0.2967139761,2-11,1,0-30,0.4084457186
24-17,0.2940397145,2-30,1,0-18,0.3969545217
0-29,0.2836404706,2-18,1,20-24,0.3928194348
17-21,0.2789543649,2-17,1,0-31,0.39009507
21-26,0.2746019471,2-10,1,0-15,0.386747632
0-30,0.2605233439,2-12,1,0-13,0.3865608763
18-20,0.260397588,0-31,0.9994541627,17-24,0.3804540854
0-18,0.2509177289,4-18,0.9993252362,0-28,0.3762025581
0-31,0.2453497914,4-24,0.9992997199,16-19,0.3596283675
0-15,0.2434514723,5-26,0.9992846924,21-26,0.3560919328
0-13,0.2433835423,4-27,0.999272198,0-21,0.3550907399
0-28,0.2368929671,4-13,0.9992492492,18-20,0.3466921861
0-21,0.2194831021,4-12,0.9991909385,24-16,0.3354548005
24-16,0.2172483827,2-23,0.9991624791,0-19,0.335296501
14-20,0.214267006,2-0,0.9991319444,0-17,0.3297614582
0-19,0.2089188616,2-25,0.9991319444,0-22,0.3288471836
0-22,0.2028744179,2-29,0.9991134752,17-21,0.3218198757
0-17,0.1998730931,2-13,0.9991039427,2-15,0.3203089911
25-5,0.1967649413,2-26,0.9990990991,2-6,0.3195137366
2-15,0.191843007,2-16,0.9990942029,2-3,0.3155311932
2-6,0.1913225883,2-7,0.9990942029,2-20,0.3139933977
2-3,0.1876047104,2-2,0.9990636704,2-14,0.3128853564
2-20,0.1870364787,2-4,0.9990530303,2-1,0.3124026469
2-14,0.1865171956,5-16,0.9988814318,25-5,0.3110507203
24-18,0.1860558942,3-7,0.9987468672,2-21,0.3096686565
2-1,0.1854998191,3-5,0.9987373737,2-24,0.3056920664
22-1,0.184234667,3-4,0.9987277354,14-20,0.3038322573
2-21,0.1837237686,4-25,0.9981583794,2-5,0.3025852669
26-12,0.1819978312,6-28,0.9979369133,2-23,0.3011929833
2-24,0.1807092074,4-14,0.9978632479,2-19,0.3009117881
2-5,0.178848791,5-25,0.9978354978,22-1,0.2986303545
21-24,0.1788045448,4-7,0.9978070175,2-0,0.2957478553
2-19,0.1784125186,4-4,0.9976190476,2-22,0.2956804468
2-23,0.1776202293,3-6,0.9975308642,2-4,0.2955683244
2-22,0.1739264723,23-29,0.9974546626,24-18,0.2942329977
2-0,0.1737626392,6-11,0.997366036,2-13,0.2940821862
2-4,0.1735975435,7-14,0.9973545908,2-29,0.2928644072
2-13,0.172584925,3-17,0.9973087217,2-25,0.2924744094
2-29,0.1717888582,2-24,0.9972249464,2-12,0.2917671776
0-3,0.171713927,4-26,0.9971143527,0-3,0.2915416102
2-25,0.1716211213,6-10,0.9971030911,2-27,0.2861888301
2-12,0.1710801892,3-18,0.9970050746,26-12,0.2859049384
2-27,0.1672510825,4-9,0.9969471097,2-28,0.2817795436
17-26,0.1653834237,6-29,0.9964708769,2-26,0.2814178006
13-18,0.1644774727,3-16,0.9963499788,2-7,0.2811480562
2-28,0.1642511963,4-11,0.9959627238,2-10,0.2777912377
2-26,0.1640881252,6-16,0.9957672183,2-8,0.2743871508
2-7,0.1638876632,2-3,0.9955297668,2-2,0.2739881849
22-15,0.1624239198,6-8,0.9953751205,2-17,0.27282669
2-10,0.1616397107,5-13,0.9948675192,21-24,0.2715430288
2-8,0.1593561332,4-31,0.9947717622,2-31,0.2710407218
2-2,0.1590113913,5-14,0.9946198262,2-11,0.2708557856
20-14,0.1588618454,6-18,0.9937046946,2-16,0.2701788955
2-17,0.1582580225,3-11,0.9936709014,2-9,0.2696925149
2-31,0.1569850849,2-1,0.9933909698,3-25,0.2692168003
2-11,0.1569703737,21-16,0.9933663551,2-30,0.2666956097
2-16,0.1567695317,3-8,0.9933088461,2-18,0.266623914
3-25,0.1566283372,2-22,0.9932121638,22-15,0.2646333375
2-9,0.1561340306,4-30,0.993147791,3-14,0.2583490875
2-30,0.1541401779,3-28,0.9931161963,3-22,0.2570112302
2-18,0.1540448015,7-17,0.9927932284,0-16,0.2544116558
26-29,0.1538668038,28-4,0.9927809813,3-20,0.2538484182
3-22,0.1537453939,3-26,0.9926760346,13-18,0.2509842783
19-9,0.1521985929,5-3,0.9926425059,3-1,0.2505005308
3-14,0.1493782927,6-0,0.9925890916,3-13,0.2503424884
18-0,0.1487335622,3-19,0.9924623237,17-26,0.2497253571
3-20,0.1478904914,18-7,0.9924402005,3-27,0.2487902555
3-1,0.1471404928,12-18,0.9921865248,26-29,0.2455949175
13-21,0.1470617501,3-15,0.9921217579,3-23,0.245154145
0-16,0.1469862652,3-10,0.992121335,3-12,0.244754865
3-13,0.143913655,6-6,0.9920483888,19-9,0.2393834253
3-27,0.1437304249,7-0,0.9920164822,0-20,0.239098624
26-13,0.1422534115,3-24,0.9918231445,3-3,0.2386105664
23-22,0.141752469,6-31,0.9914660733,23-22,0.2385085733
3-12,0.1411927076,3-30,0.9910495702,26-13,0.2384368704
3-23,0.1406948303,3-31,0.9910212212,3-26,0.2351895337
22-14,0.1388786041,0-16,0.9905981946,20-14,0.2295400067
0-20,0.137168347,7-19,0.9900215494,3-24,0.2254872158
3-3,0.1365858325,2-21,0.9899283196,25-7,0.2240359841
20-9,0.1357431655,25-31,0.9899274089,3-15,0.2214924462
25-7,0.1339545137,4-5,0.9897704319,3-21,0.214578632
3-26,0.133842668,3-13,0.9897246136,13-21,0.213957274
18-22,0.1335794016,25-8,0.9896903302,24-22,0.2136736573
24-22,0.1326488462,7-16,0.9895836994,20-9,0.213512344
14-30,0.1285163961,6-19,0.989251647,23-20,0.2113961729
3-24,0.1279348119,7-5,0.9890809093,22-14,0.2084173851
23-20,0.1270619252,4-22,0.9888973057,3-19,0.2065347763
3-15,0.1253386364,5-18,0.9885106969,3-0,0.2055882642
22-8,0.1247639365,0-29,0.9881882111,3-9,0.2023287788
3-21,0.1212253157,9-16,0.9879449713,4-0,0.1995686456
3-0,0.121042994,6-20,0.9878976399,18-0,0.1992528618
20-1,0.1193413297,6-1,0.9877683984,27-22,0.1965431796
27-22,0.1188392743,6-25,0.98773816,3-6,0.1928183866
3-19,0.1160158184,25-29,0.9875373399,22-8,0.1923962824
16-0,0.1139341018,25-21,0.9872381542,3-11,0.1917815223
24-25,0.1134463368,2-5,0.9869470219,24-25,0.1900489937
3-9,0.1133410928,7-2,0.9867318631,3-31,0.1886768122
4-0,0.1117145487,6-5,0.9867149389,4-19,0.1886222226
24-26,0.1100962506,0-19,0.9866131569,3-7,0.1883153653
3-6,0.1073684445,0-18,0.9862853335,4-28,0.1882618854
3-11,0.1070319346,25-25,0.9859856448,24-26,0.1879661177
4-19,0.1059497882,3-14,0.9859314354,3-5,0.18685592
3-31,0.1047678761,7-27,0.9855901533,3-2,0.1856669653
3-7,0.1046737419,6-17,0.9854638208,3-29,0.1848633493
4-28,0.1044737938,19-28,0.9852435021,3-10,0.1835110259
3-5,0.103723385,3-2,0.9851239061,3-16,0.1819192913
23-5,0.1036149413,6-2,0.9840859312,20-1,0.1811454102
19-13,0.1029464487,24-9,0.9840222683,3-8,0.1790648554
3-2,0.1028528218,2-20,0.9838808012,4-29,0.1772849025
3-29,0.1027654533,19-31,0.9837132989,14-30,0.1768274447
3-10,0.101609976,5-12,0.9830970236,23-5,0.1766981863
3-16,0.1009879483,24-8,0.9827150338,16-0,0.1715614231
19-14,0.0992142356,4-10,0.9824593537,3-4,0.1712866245
3-8,0.09891734997,4-6,0.9821317437,28-13,0.1711540623
4-29,0.09804797613,5-19,0.9821153055,4-21,0.1708918259
13-4,0.09715439764,5-1,0.9818414007,5-21,0.1694509589
28-13,0.09631254098,19-26,0.9817979876,4-2,0.1680954706
20-25,0.09616445172,5-2,0.9812395375,4-1,0.167375573
3-4,0.09448970966,0-17,0.9808764172,3-28,0.1668962592
4-21,0.09445997758,4-0,0.9804260036,3-17,0.1662434704
5-21,0.09368120272,19-30,0.9800477435,18-22,0.1657180056
26-0,0.09350302774,24-6,0.9796525939,26-0,0.1645131716
4-2,0.09323566469,5-24,0.9791528822,3-30,0.1620137732
26-15,0.09282497634,0-4,0.9788470286,4-10,0.160360187
4-1,0.09235175969,4-16,0.9786112602,3-18,0.1584546835
3-28,0.09149017951,6-26,0.9785742991,26-15,0.1572861919
3-17,0.09144789698,15-31,0.9783946055,19-13,0.1570127848
18-8,0.09075634287,4-15,0.9782363043,0-12,0.1567551779
0-12,0.08916486608,3-9,0.9780732686,20-25,0.1549550262
27-6,0.08889737256,5-20,0.9779070888,13-4,0.1543517937
3-30,0.08855930806,31-23,0.9778205511,19-14,0.1537981741
17-25,0.0884933641,6-27,0.9772925271,25-13,0.1526685224
24-27,0.08845915349,21-17,0.9768634715,4-20,0.1514163199
29-10,0.08834936563,6-3,0.9767530911,4-16,0.150329025
4-10,0.08782083127,4-29,0.9766499269,24-27,0.1495545237
20-26,0.08744083047,27-2,0.9761008141,4-23,0.1494819339
13-17,0.08729657437,27-3,0.9758570717,27-6,0.1494729314
3-18,0.08672659437,24-10,0.9758440579,4-3,0.1489825591
25-13,0.08634664459,2-14,0.9752091796,29-10,0.148923732
13-6,0.08615844866,2-6,0.9745223779,4-8,0.1457321275
21-25,0.08505993691,3-23,0.9740202808,18-8,0.1450817792
4-20,0.08319820553,3-25,0.9733753476,5-20,0.144743101
27-23,0.08263170832,24-11,0.973364716,4-11,0.1441210289
28-15,0.0818605978,25-30,0.9731050758,4-6,0.1440314039
4-16,0.08176136266,3-29,0.9726476618,27-23,0.1439542162
4-23,0.0817119376,4-20,0.9725311104,13-6,0.143726064
4-3,0.08142939041,7-25,0.9724789696,5-7,0.1435794026
4-8,0.07926502084,2-15,0.9721746792,17-25,0.1425071141
28-14,0.07914835018,9-20,0.9720924135,28-15,0.1424974449
5-7,0.0791013314,4-28,0.9720397407,7-22,0.1420030607
24-23,0.07895349885,6-24,0.9710984926,21-25,0.1417496458
5-20,0.0787779883,9-30,0.9708722609,25-4,0.141228076
27-7,0.07850380854,3-21,0.970757308,4-30,0.1406444627
4-6,0.07849598807,0-3,0.9705981504,28-14,0.1402726338
25-4,0.07844832614,4-21,0.9702786111,13-17,0.1393957496
4-11,0.07813273213,20-7,0.9691239831,24-23,0.1374048694
18-9,0.07799267935,25-9,0.9676481953,20-26,0.1358862094
7-22,0.07763855145,22-26,0.9673521524,28-12,0.1356136298
22-12,0.07726211096,4-3,0.9672325754,22-12,0.135494244
4-30,0.07600251328,4-1,0.9669390053,9-7,0.1346337175
28-12,0.07529167074,2-19,0.9668061588,23-13,0.1337128748
23-13,0.07496574454,27-1,0.9667244782,24-24,0.1296021178
24-24,0.07485275844,0-15,0.9661220638,18-9,0.1295867752
9-7,0.07338106696,8-3,0.9650721093,27-7,0.1295645168
30-0,0.07290358041,4-23,0.9638449897,30-0,0.1291384002
20-15,0.07253918987,3-3,0.9634092581,30-28,0.1282428408
30-28,0.07246293518,5-23,0.963018938,20-15,0.127917526
30-24,0.07163755939,4-8,0.9629628806,6-2,0.1273530431
27-21,0.07100964337,18-3,0.9629070037,5-23,0.1270941071
27-20,0.07088020998,28-6,0.9622385214,21-27,0.1268910072
21-27,0.07069565882,24-12,0.961151076,5-24,0.1267698624
30-3,0.07009744932,0-20,0.9603004675,27-20,0.1258909031
27-5,0.06961795418,20-5,0.9600934214,30-3,0.1257460461
6-2,0.06879447038,23-2,0.9598849159,4-7,0.1252796127
5-23,0.06870042422,8-27,0.9595464355,30-24,0.1252131825
14-22,0.06867820264,6-21,0.958618453,4-31,0.1237408583
5-24,0.06837728762,0-13,0.9585816593,27-21,0.1224062829
4-7,0.06813937483,19-22,0.9571991032,4-26,0.1216309154
4-31,0.0663452612,25-26,0.9567683902,4-22,0.1206335647
16-26,0.0656932352,9-17,0.9533165167,0-4,0.1202764342
4-26,0.06530931568,10-12,0.9521236237,27-5,0.1171908029
4-22,0.06502237131,27-25,0.9511870621,25-14,0.1156801325
13-30,0.06473582011,27-0,0.9511281048,4-5,0.1151124137
29-9,0.06464516283,7-6,0.9481171671,0-5,0.1140944203
0-4,0.06436983231,19-29,0.9477586144,4-9,0.1130774776
25-14,0.06356459418,0-30,0.9470207519,6-26,0.1123609349
18-28,0.06295857226,27-26,0.9458996869,30-31,0.1122161607
30-31,0.0627267716,8-11,0.9446380085,5-18,0.1116877087
22-29,0.06169002163,20-19,0.944285725,14-22,0.1104786565
0-5,0.06168177476,3-27,0.9434866427,29-9,0.1103163834
4-5,0.06165979539,5-21,0.9422240651,15-13,0.109662013
13-31,0.06150431746,19-5,0.9419787107,8-10,0.1093640863
18-16,0.06125711417,23-3,0.9417727686,26-20,0.1091017493
23-27,0.06108907569,18-1,0.9397856773,23-27,0.107664854
15-13,0.06052621431,9-25,0.9397568594,6-3,0.1076637869
4-9,0.06033626014,3-12,0.9395563336,18-16,0.1075217831
6-26,0.06024548552,22-21,0.9395479357,22-29,0.1073213848
13-5,0.0599324522,7-26,0.9391517024,30-29,0.1069582579
5-18,0.05987926698,7-7,0.939128834,27-4,0.1067649997
27-4,0.05966801244,7-3,0.9381612761,13-5,0.106579437
8-10,0.05907651453,4-2,0.9375523336,16-11,0.1060886342
16-11,0.0585901708,27-27,0.9373985099,9-4,0.1058870187
26-20,0.05852366237,9-7,0.9332219732,26-28,0.1053712691
30-29,0.0584068293,0-21,0.9312344465,18-28,0.1050866671
15-11,0.05827758282,9-21,0.9296681879,5-10,0.104878326
26-28,0.05813996909,29-15,0.9285597909,8-9,0.1047393383
6-3,0.05748252827,5-8,0.9269236048,13-31,0.1042913092
30-12,0.05721603252,5-10,0.9251246165,6-24,0.1042380182
9-4,0.05695107109,20-17,0.9243830106,13-30,0.1033759921
8-9,0.05634835766,23-23,0.9225722445,30-12,0.1030561266
5-10,0.05592126839,3-20,0.9221905195,4-4,0.1027262954
16-8,0.05577232242,5-9,0.9218957635,16-26,0.1023314649
6-24,0.05570630952,23-15,0.9200853121,6-6,0.1017318651
4-4,0.05542956637,22-22,0.9185104769,5-9,0.1008605166
28-3,0.05490061818,0-28,0.9163473306,15-17,0.1007724857
20-23,0.05449072407,19-10,0.9161993405,5-16,0.100664688
25-17,0.05432497035,11-21,0.9128487072,5-8,0.09932479036
6-6,0.05415967716,22-20,0.9118967104,23-21,0.09928883107
15-17,0.05405335848,29-17,0.9118881001,7-21,0.09916232265
17-27,0.05383980826,26-20,0.9118746307,4-18,0.0990991104
5-9,0.05383013018,22-23,0.9107787609,28-3,0.0989972393
28-25,0.05363339439,28-12,0.9104049985,7-6,0.09892090887
5-16,0.05356776571,10-7,0.9092352389,4-15,0.09857997451
23-21,0.05356421005,5-7,0.9032616808,28-25,0.0985294545
7-21,0.05352361392,22-25,0.9026717903,5-27,0.09810486267
5-8,0.05328763439,5-22,0.9024245178,9-6,0.09776722649
30-25,0.05313528776,15-28,0.9023890576,30-25,0.0960625868
5-27,0.05288646125,4-19,0.90222911,0-14,0.09597966698
9-6,0.05288499943,12-14,0.9019623308,8-27,0.09536963921
7-6,0.05286842648,20-18,0.9009090592,28-27,0.09534709906
4-18,0.05262443707,10-6,0.9001203427,11-12,0.09530942229
21-31,0.05249788039,24-17,0.8979232034,24-19,0.09525967043
4-15,0.05235841714,20-22,0.8970466811,23-12,0.09503237079
23-12,0.05212056607,7-22,0.8965983922,14-27,0.0948687375
22-0,0.05210730945,18-31,0.8952611608,6-1,0.09479467072
22-28,0.05203857191,10-5,0.8930156997,27-2,0.09469632252
28-27,0.05184601657,24-21,0.8907764765,7-7,0.09462460045
0-14,0.05167674328,20-4,0.8896286184,6-27,0.09442114039
11-12,0.05161905877,19-6,0.8882664983,5-25,0.09423258935
14-27,0.0515404494,30-5,0.8871268297,22-0,0.0939187129
24-19,0.05118911876,8-1,0.8870336404,21-31,0.09383577664
30-11,0.0508680726,11-28,0.8870313175,0-27,0.09370173164
20-12,0.05085783015,17-17,0.8869165366,6-21,0.09364363794
8-27,0.05079827976,9-4,0.8868041443,22-28,0.09354554836
0-27,0.05074216706,18-17,0.8853109217,11-29,0.09300177658
27-2,0.05051078602,11-20,0.8849342677,11-13,0.0929646709
7-7,0.05037895021,15-2,0.8834257225,30-11,0.09239229796
21-15,0.0503521926,29-18,0.8804962934,26-2,0.09166728878
6-1,0.05025679313,27-24,0.8802149408,5-12,0.09156757195
5-25,0.05020079551,27-18,0.8790858557,7-23,0.09139425342
6-27,0.0501378368,28-17,0.8763211918,7-3,0.09065727323
11-13,0.05008089339,0-22,0.8744426728,20-12,0.09053112895
11-29,0.04990393246,9-27,0.8734839644,12-14,0.09026195457
26-2,0.04972516913,18-5,0.8730639845,21-15,0.08932317195
29-23,0.04959051305,23-11,0.8697945017,11-28,0.08910390141
6-21,0.0494768157,8-10,0.8656416983,16-8,0.08889677133
7-23,0.04874844991,23-26,0.8618940084,4-17,0.08888002143
5-12,0.04856349643,30-28,0.8613127654,8-17,0.08868846506
12-14,0.04816973671,3-1,0.8609020175,15-18,0.0885607584
7-3,0.04810823149,8-9,0.860564602,15-11,0.088515962
15-18,0.04777628225,19-21,0.8520134347,28-17,0.08837215169
28-17,0.04773269087,19-25,0.8518941611,5-1,0.0882977526
19-3,0.04756204995,9-14,0.8487398683,29-23,0.08820008768
11-28,0.04749861922,28-2,0.8429707461,9-14,0.08817360596
8-17,0.04717807998,9-6,0.8426384372,5-2,0.08799790497
9-14,0.04717339468,19-24,0.8422046791,20-23,0.0877480179
4-17,0.04704717664,24-14,0.8358193743,17-27,0.08680753562
30-13,0.04697446151,25-20,0.8322580645,6-25,0.08648590923
29-21,0.04682384763,27-9,0.8318156419,11-22,0.08561507213
5-2,0.04660821848,29-25,0.8317646277,25-17,0.08547973595
5-1,0.04654303408,25-22,0.8310708899,29-21,0.08502635402
6-25,0.04586373251,3-22,0.8301670694,30-13,0.08501678495
11-22,0.04582241064,29-24,0.8301625922,6-20,0.08374804331
12-1,0.04525300924,16-29,0.8295335137,7-25,0.08338891613
22-13,0.04521157594,19-16,0.8289455261,26-31,0.0832953249
26-31,0.04500671578,25-28,0.8287634912,22-13,0.08277679878
25-6,0.04488475233,21-7,0.8286686983,12-1,0.08237809641
14-5,0.04487961159,6-9,0.8286378086,19-3,0.08180500727
13-20,0.04467492492,6-23,0.8284845219,20-13,0.0817516077
22-2,0.04429761618,29-27,0.8281664115,25-6,0.08158672861
30-26,0.04428746503,21-5,0.8278444535,24-21,0.08108610315
6-20,0.04421221246,28-5,0.8274647887,15-19,0.08059029288
20-13,0.04416592414,19-7,0.8271207075,13-20,0.08056435404
7-25,0.04393873908,29-26,0.8268848395,22-2,0.08011856216
20-20,0.04370546711,25-24,0.826625205,20-20,0.0799183244
28-21,0.04368368008,21-4,0.8259280121,23-24,0.07971339463
21-14,0.04364235832,28-7,0.8254373142,21-14,0.07930313839
14-25,0.0435066619,17-11,0.8213303079,11-20,0.07930032255
15-19,0.04330429867,5-0,0.8203904115,23-7,0.07923497852
24-21,0.04290419705,21-18,0.8203677759,30-26,0.07919351617
23-24,0.04283169524,8-17,0.8201045102,27-1,0.07913563561
23-7,0.04256672956,22-30,0.8182425152,28-21,0.07878146784
15-29,0.0422558284,31-10,0.8165948097,9-21,0.07870916769
27-1,0.04193087636,31-5,0.8143301242,9-27,0.07852179876
11-20,0.04187896539,6-22,0.8121657498,24-6,0.07843444241
29-20,0.04166857052,22-1,0.8114671985,9-17,0.07840967472
9-12,0.04166046189,10-4,0.8104508544,7-26,0.07826967968
9-21,0.04158382485,24-4,0.8088876888,9-12,0.07820962185
9-27,0.04157455385,11-13,0.8087619458,5-26,0.07808077604
24-6,0.04155139748,15-30,0.8073112938,19-11,0.07800266127
25-15,0.0414628881,20-24,0.8068165502,4-27,0.07735711724
30-27,0.04142437363,17-9,0.8059392147,15-29,0.07732836608
19-11,0.04142105414,27-19,0.8048964743,9-20,0.07731815367
5-5,0.04137688918,31-8,0.8039739883,7-16,0.07729875326
9-17,0.0412492361,23-21,0.803539895,25-15,0.07725890046
27-30,0.04119489479,24-5,0.8035226148,7-24,0.07716758946
7-26,0.04119227523,18-6,0.802181751,20-10,0.07714021571
20-10,0.04113555411,29-3,0.8019592598,5-5,0.0770854427
0-8,0.04099769468,28-26,0.8014698629,22-26,0.07690585335
5-26,0.04098234385,18-13,0.8014601491,5-22,0.07663798558
7-24,0.04081829741,28-14,0.8000544325,30-27,0.07654045113
7-16,0.04074717685,18-15,0.7996422052,27-30,0.07650503867
22-26,0.04074405313,23-4,0.7975522936,0-8,0.07591849508
14-4,0.04067865642,27-14,0.7967942669,22-25,0.0758131423
9-20,0.04063144417,25-27,0.796769391,11-5,0.07560020939
4-27,0.04057693856,7-23,0.79647053,25-19,0.07543861212
25-19,0.04055171381,17-16,0.7952860906,29-20,0.07526027114
22-25,0.04026902196,0-5,0.7952536363,9-30,0.07518196702
11-5,0.04026143318,23-22,0.7952304467,23-4,0.07434748316
5-22,0.04015347907,28-22,0.7942721303,15-15,0.074065853
15-15,0.04007524114,26-25,0.7925782543,20-11,0.0737980947
20-11,0.03968495134,29-12,0.7923702475,14-25,0.07366885
9-30,0.03959839595,24-16,0.791760611,4-24,0.07327230407
30-15,0.0395008427,21-9,0.7910100506,22-23,0.07326370747
23-4,0.03940006385,7-24,0.7899957029,14-4,0.07284756535
22-23,0.03897811595,25-5,0.7894889773,21-23,0.07252482696
18-30,0.03887315631,29-13,0.7890285715,10-28,0.07235655269
23-6,0.03879173708,18-21,0.7878476024,23-3,0.07209345581
28-11,0.03868169728,11-29,0.7877087736,30-15,0.07202501344
10-28,0.03866348341,15-1,0.7875758387,23-6,0.07199741771
22-9,0.03852481767,21-23,0.7873546943,6-28,0.07198665911
4-24,0.03832754159,19-9,0.7873507333,6-0,0.07183515607
21-23,0.03817433921,10-28,0.7865426523,18-30,0.07168902718
23-3,0.03786851828,26-12,0.7862813842,7-19,0.0715561101
6-28,0.03781911424,29-7,0.7855685503,22-9,0.07146365403
13-26,0.03780940864,10-14,0.7855568828,28-11,0.07096413705
6-0,0.03757149852,23-1,0.7843559007,4-13,0.07092166108
7-19,0.03752919649,25-19,0.7791041382,23-26,0.07074283134
23-26,0.03744949235,28-13,0.778362912,10-6,0.07066893931
26-22,0.03736975554,11-22,0.7782773347,13-26,0.07057002067
17-23,0.0373665713,19-17,0.7772449771,5-19,0.07019400387
21-8,0.03736531547,28-1,0.7764129894,22-30,0.07015347473
18-19,0.03726434836,25-4,0.7760463263,19-6,0.07013621263
19-23,0.03715552026,17-1,0.7760291817,6-5,0.07002247503
10-6,0.03708353077,21-20,0.7753609676,22-21,0.06977663547
4-13,0.03705661426,27-12,0.7752329057,19-4,0.06940857939
22-30,0.03703270358,24-7,0.7745367203,26-22,0.06938933096
19-6,0.03696749073,10-31,0.7735541477,19-10,0.06935163029
13-19,0.03687402624,5-27,0.7698068511,18-19,0.06923949685
30-8,0.0368472667,23-10,0.7685928392,7-17,0.06908145536
22-21,0.03680136601,26-13,0.76674619,17-23,0.06890896168
5-19,0.03678990427,24-18,0.7665300654,30-8,0.06885024827
19-4,0.0366306398,8-12,0.7657852009,27-0,0.06877094187
6-5,0.03653614622,15-17,0.7640287471,11-30,0.0687321004
19-2,0.03651233763,26-4,0.7607583095,4-25,0.0678469968
19-10,0.03649378832,31-27,0.7607549134,8-26,0.06773530308
11-30,0.03643836928,23-5,0.7599596558,17-22,0.06756940586
7-17,0.03637355574,1-2,0.7567438441,7-30,0.0674361792
27-0,0.03608518249,26-0,0.7554832209,13-19,0.0672404169
8-26,0.03592310315,3-0,0.7529898126,22-3,0.06701990209
17-22,0.03590203305,19-11,0.7527745222,10-5,0.06694028351
15-14,0.03582008588,0-14,0.7518274945,19-2,0.0669345009
7-30,0.03575256317,22-15,0.7492254595,6-22,0.06690935163
9-5,0.03563397362,11-30,0.748849482,9-5,0.06680310514
13-16,0.03555224154,24-0,0.7483366535,19-23,0.06633600805
22-3,0.035527318,9-12,0.7483048439,9-13,0.06596288792
21-13,0.0354586034,10-2,0.7459529645,15-14,0.06589113842
4-25,0.03534216516,25-3,0.7443053791,7-18,0.06546468127
9-13,0.03522434746,25-7,0.7406428108,23-14,0.06542334859
10-5,0.03510243979,30-4,0.740523592,7-20,0.06541459398
6-22,0.03498354755,27-17,0.7390840986,17-1,0.06536743144
28-1,0.03491144536,11-12,0.7335510561,28-1,0.06534421312
7-18,0.03468188521,19-4,0.7332716556,5-0,0.06528672891
23-14,0.03451957841,30-3,0.732786855,8-11,0.06525801481
7-20,0.03445835237,24-25,0.7320812142,14-5,0.06515000504
14-17,0.03436168893,21-21,0.7239585963,10-31,0.06508650722
17-1,0.03431280011,26-29,0.7221009172,21-8,0.06505229477
10-31,0.03424652336,14-19,0.7206804605,6-17,0.0650507427
8-11,0.03420955769,28-25,0.7205069768,14-17,0.0649637384
27-18,0.03414634103,24-19,0.7204526716,27-18,0.06490338353
5-0,0.03414357117,22-3,0.7135632709,21-13,0.06470869376
19-0,0.03412515139,20-6,0.7130450024,8-12,0.06463020747
8-12,0.03412508961,19-19,0.7112745067,7-31,0.06433351047
6-17,0.03401671311,28-11,0.7093686564,19-0,0.06428867634
7-31,0.03399113477,23-20,0.7080980224,19-19,0.06385707697
11-7,0.03387347044,21-28,0.7018525474,19-28,0.06385184722
19-19,0.03360980426,19-27,0.6985277104,4-14,0.0638136934
18-18,0.03360593238,19-18,0.6983238098,19-5,0.0636262143
19-27,0.03344881236,27-22,0.6972250648,19-27,0.06358210434
19-5,0.03338964932,7-21,0.6964850255,11-7,0.06347421084
19-28,0.03333771907,16-10,0.6954681419,17-17,0.06323018813
4-14,0.0332780642,25-14,0.6941804208,27-3,0.06258630789
17-17,0.03313472434,11-5,0.6873995439,18-18,0.06257500178
27-3,0.03281557339,10-3,0.6866130153,8-3,0.06230068068
7-29,0.03265245991,25-13,0.6851166037,6-31,0.06184013827
30-1,0.03256603117,19-12,0.6844046695,7-29,0.06180672062
8-3,0.03250596594,19-1,0.6842170345,5-3,0.06116772278
18-29,0.03223751101,15-18,0.6799176873,30-1,0.06089358785
6-31,0.03214076622,14-27,0.6738646421,6-29,0.06077492145
20-2,0.03189277154,20-15,0.6721100772,6-23,0.06045811129
15-16,0.03186260676,23-14,0.6684118704,14-15,0.06036544785
8-14,0.031788569,30-29,0.6673761715,17-16,0.06027040398
14-15,0.0317613821,6-12,0.6649095854,18-29,0.06013094853
5-3,0.03174367728,30-0,0.6648818525,9-23,0.06009963378
9-23,0.03169413623,26-28,0.6646407419,8-14,0.05985914076
17-16,0.03166029849,23-31,0.6645922044,20-2,0.05980099935
6-29,0.03158187052,14-11,0.6645207439,21-20,0.05974342245
6-23,0.03157610046,8-22,0.6633079417,11-4,0.05891478482
21-20,0.03140831891,6-30,0.6627373748,15-16,0.05890348354
22-31,0.03127115872,5-29,0.6626506024,13-16,0.05889193568
28-29,0.0312394973,21-6,0.6614192447,10-7,0.05885403911
11-4,0.03119379065,24-30,0.6614065316,7-14,0.05877513846
8-7,0.03093770107,17-8,0.6612283023,21-30,0.05836906886
21-30,0.03076344539,24-29,0.6611928407,28-29,0.05828988522
10-7,0.0306641319,24-31,0.6601487528,22-31,0.0578617079
27-11,0.03065835604,20-21,0.6601314426,6-11,0.05774134545
7-14,0.0305316191,7-20,0.6601304057,11-21,0.05756699563
10-3,0.0300482236,7-18,0.6598670879,27-11,0.05746352721
11-21,0.03002925966,24-28,0.6593405984,10-3,0.05723146859
6-11,0.03000485679,23-0,0.659052037,19-16,0.05717013304
19-16,0.02985930769,24-2,0.658964707,8-7,0.0571544722
9-15,0.02974890683,10-11,0.6588766078,23-1,0.05663187642
13-12,0.02967498455,29-0,0.6563779203,17-9,0.05631650073
23-1,0.02955778443,28-3,0.6563445721,19-18,0.05615086355
17-9,0.02949798418,9-11,0.6562944275,9-15,0.05607033057
27-19,0.02944403422,12-17,0.6553303642,27-19,0.05603398019
19-18,0.02942150097,23-16,0.6541994679,14-18,0.05582194785
14-18,0.02935861697,31-9,0.6537591732,18-4,0.05527391365
18-10,0.02908189468,14-15,0.6536981503,9-19,0.05523318934
9-19,0.02906129559,0-12,0.6530296701,24-11,0.05507685188
18-4,0.02891149813,7-29,0.6527587026,25-26,0.05494527806
21-1,0.02881629442,14-31,0.6519937246,18-10,0.05486236305
22-10,0.02873324901,16-14,0.6519243624,23-23,0.05446895424
24-11,0.02868087698,16-12,0.6518428935,9-25,0.0542298824
25-26,0.02866680408,30-8,0.6513033124,16-20,0.05404201665
23-23,0.02854571617,25-0,0.6507991594,21-1,0.05384734313
18-2,0.0285232513,30-31,0.6507820541,6-19,0.05377293744
8-30,0.02842744093,7-31,0.6502539002,19-25,0.05358666712
16-20,0.02825629236,20-10,0.6488102971,8-30,0.05352090168
9-25,0.02822352844,21-24,0.6486899885,8-1,0.05345512451
21-3,0.02808634513,24-26,0.6481975152,9-16,0.0533960716
16-9,0.02792519242,31-2,0.6474982202,19-1,0.05326500504
19-25,0.02789571135,23-24,0.6464792164,19-21,0.05326470662
18-27,0.02788497861,16-13,0.6464595356,21-3,0.05311663948
6-19,0.02784057007,17-22,0.6464113649,7-0,0.05310708334
19-1,0.02783356926,8-28,0.6460254329,6-9,0.05309081816
17-19,0.02779381639,16-15,0.6450654964,16-9,0.05304981864
24-2,0.02779012313,14-26,0.6446443988,18-2,0.0529116768
8-1,0.0277738098,16-9,0.6431287293,18-1,0.05286855711
9-16,0.02773821088,14-17,0.6425901127,22-10,0.05281836775
19-21,0.02762642126,28-19,0.6423757523,24-2,0.05274801025
6-9,0.02758444788,21-27,0.6414873999,18-27,0.05273610622
11-1,0.02757749314,18-4,0.6413174683,22-20,0.05271605335
24-20,0.02756279147,20-11,0.6397329132,28-2,0.05267424471
18-1,0.02754100942,31-4,0.6393603934,17-19,0.05259981136
28-2,0.02753272003,10-21,0.6393190446,19-29,0.05217553296
22-20,0.02752303798,23-13,0.6385933957,19-30,0.05216035291
7-0,0.02746728772,25-10,0.6379960745,19-22,0.05206344274
8-28,0.02711568958,27-10,0.6373123102,8-28,0.05173557144
19-29,0.02703612851,23-9,0.6362362678,13-12,0.05150325537
30-14,0.02697871109,9-19,0.6360995104,11-1,0.05112192478
19-30,0.02697662287,17-10,0.6359659421,18-6,0.05111247405
30-30,0.02696328428,8-26,0.634376028,20-22,0.0510774247
8-24,0.02691632905,29-10,0.6322900817,21-21,0.05102550443
19-22,0.02688458487,16-20,0.6315239186,8-24,0.05097738154
26-14,0.02680715138,31-3,0.6306430335,12-22,0.05094244872
12-22,0.02673475086,7-30,0.628675807,24-20,0.05093933449
21-21,0.02663839309,24-22,0.6278397375,30-14,0.05054645631
18-6,0.02662241096,29-4,0.627416316,26-4,0.05024550995
20-30,0.02643987647,16-11,0.6272529587,26-14,0.05017896013
20-22,0.02638401567,26-11,0.6270583581,18-17,0.05016855209
26-4,0.02625148533,9-23,0.6268058974,21-29,0.05012040918
21-29,0.0262309611,26-24,0.6260341956,18-21,0.05010382594
18-21,0.02623064312,12-22,0.62492163,25-3,0.05004818927
25-3,0.02618615298,29-1,0.6238814506,30-30,0.04930066682
18-17,0.02611572792,17-20,0.6227063696,20-30,0.04901509038
12-7,0.02574427228,23-7,0.621647381,18-31,0.04881314349
5-15,0.0255767279,26-2,0.61860991,24-14,0.04878460166
18-31,0.02538639561,21-29,0.6175417201,5-15,0.04851371738
24-14,0.02532100134,21-22,0.6172871479,12-7,0.04849049057
8-15,0.02522823533,29-14,0.6171475052,19-24,0.0483551796
6-14,0.02518694803,0-27,0.617000189,23-15,0.04786116554
19-24,0.02505041954,29-5,0.6164480309,25-21,0.04783846445
25-21,0.02500527562,15-19,0.6159430953,6-14,0.04781271762
23-15,0.02486450309,18-29,0.6134114507,8-15,0.04776976336
28-19,0.02474768185,16-1,0.613337354,22-22,0.04731653714
22-22,0.02468186148,15-13,0.6129776483,28-19,0.04728161046
8-6,0.02465504052,28-28,0.6124142935,24-9,0.04714870183
21-28,0.02445901768,28-27,0.6097176324,10-4,0.04692030257
18-12,0.02444168699,5-5,0.6074793797,21-28,0.04691059112
24-9,0.02442969204,28-31,0.6069909266,7-27,0.04676858137
10-4,0.02430616001,0-2,0.6063669289,8-6,0.04671645249
21-12,0.02425888983,26-6,0.6059956785,24-4,0.04668190419
28-16,0.0242557173,28-16,0.6057082839,6-16,0.04656923542
24-4,0.02421887799,8-14,0.6056504491,18-12,0.04652548327
7-27,0.02411076709,9-13,0.6037960506,28-16,0.04626736632
15-20,0.02410836823,21-30,0.6021268374,5-29,0.0462000819
13-27,0.02410439474,27-20,0.6004749833,5-14,0.04613292621
5-29,0.02407340314,25-15,0.6003838345,13-27,0.04607180966
6-16,0.02399877266,18-10,0.5985820937,6-10,0.04576893806
28-20,0.02392912488,26-1,0.5953220345,24-8,0.04539731849
25-12,0.02382127776,13-27,0.5941508039,19-17,0.04526674639
5-14,0.02375008652,11-4,0.5932105186,19-12,0.04526371707
17-12,0.02372838083,27-23,0.5921797969,24-10,0.0451480142
6-10,0.02366332429,13-26,0.591988447,17-12,0.04507781031
19-12,0.02364928907,17-29,0.5902409376,18-5,0.0448892269
11-14,0.02354383172,26-8,0.5897888349,25-12,0.04479995576
27-16,0.02353251099,18-12,0.5897073852,29-17,0.04469263356
10-8,0.02353163786,14-18,0.5892371454,17-15,0.04457164348
24-8,0.02351001687,20-16,0.588550516,21-12,0.04451156757
19-17,0.02345491472,30-27,0.5882271227,10-8,0.04448986233
24-10,0.02332827995,26-16,0.5864238987,4-12,0.04432189602
17-15,0.02332236687,20-13,0.5861099085,7-13,0.04428147195
18-5,0.02324328558,26-22,0.5859758548,11-14,0.04427659247
30-2,0.02322805193,26-26,0.5825835407,28-20,0.04423809355
7-13,0.02320393143,26-5,0.5822657817,10-21,0.04416300234
29-17,0.0231775428,23-8,0.5820065597,24-30,0.0441484711
10-21,0.02301886934,22-12,0.5817012089,27-16,0.04405044295
24-30,0.02290924483,27-31,0.5785300488,20-19,0.04394526184
12-10,0.02285860652,21-0,0.5747179322,15-20,0.04389947226
21-0,0.02278888582,17-19,0.5741088952,20-17,0.04381267744
4-12,0.0227851266,9-15,0.5715038173,21-0,0.04373426154
24-3,0.02274470459,26-31,0.5714785466,24-3,0.04311914015
20-19,0.02272754551,30-11,0.5704658615,6-18,0.04307863879
22-27,0.02266443093,11-7,0.5662433399,18-13,0.04302152032
20-17,0.02265088844,9-5,0.5653786531,10-2,0.04276923022
8-5,0.02233266375,23-6,0.5649305826,30-2,0.0425903197
15-27,0.02232775481,27-30,0.5635836114,16-15,0.04257264304
18-13,0.0223204178,20-2,0.5635480741,8-5,0.04256221519
31-2,0.02218885221,19-0,0.5612713516,31-2,0.04254841755
16-15,0.02218089587,14-20,0.5595231754,17-10,0.04248782062
17-10,0.0221719207,18-27,0.5592408743,12-10,0.04238371048
10-2,0.02215175286,24-23,0.5573773785,15-27,0.04234575193
6-18,0.02213623056,30-24,0.5569467283,17-0,0.04194730299
17-0,0.02191962031,28-15,0.5554925593,6-12,0.0419281446
9-22,0.02180008976,17-26,0.5554652443,9-22,0.04166943297
14-29,0.02177662049,22-14,0.5531729569,17-11,0.04140576803
10-29,0.02174508199,13-18,0.550126924,16-14,0.04131347466
6-12,0.02173070466,23-12,0.5486369649,22-27,0.0411958559
17-11,0.02155215181,12-1,0.5469401895,10-29,0.0411805753
16-14,0.02149886597,26-15,0.5467793633,8-4,0.04099307756
8-4,0.02148271641,25-16,0.5450109238,18-15,0.04098428804
8-8,0.0213988859,30-7,0.5382318486,7-4,0.04078527048
29-11,0.02138190811,20-25,0.5381050359,22-4,0.04064391577
30-21,0.02136452922,29-2,0.5354289747,8-8,0.04054072825
7-4,0.02130614606,21-26,0.5332843739,8-16,0.04041405061
18-15,0.02130185607,18-30,0.5330698603,5-13,0.04031411954
8-16,0.0212967987,24-27,0.5329076371,21-5,0.04028946904
22-4,0.02129053963,17-15,0.527819726,30-21,0.04014818638
21-5,0.02100896815,18-20,0.5256391152,28-6,0.0400892584
22-6,0.02096966843,30-12,0.5241658578,22-6,0.03998176829
20-31,0.02090859488,20-9,0.5228673126,29-11,0.03996837999
28-6,0.02070817887,20-1,0.5227575646,20-31,0.03970305019
5-13,0.0206230509,0-8,0.5226345366,14-29,0.03961197565
20-27,0.02052020495,22-0,0.521140344,27-12,0.03923756903
25-16,0.02041770557,27-4,0.5188975526,25-16,0.03916610416
27-12,0.02038147509,22-9,0.5135964038,10-12,0.03911394619
22-18,0.02032723955,20-20,0.5124836618,21-6,0.03902592523
25-2,0.02028745178,30-25,0.5121829758,21-4,0.03894105886
21-6,0.02026290777,23-18,0.5120331172,23-9,0.03888555351
21-4,0.02024882788,22-13,0.5065441858,22-18,0.03879630947
10-12,0.02014726561,13-20,0.5041047924,25-2,0.03878544315
6-7,0.02014713265,15-15,0.5026515152,14-19,0.03878100106
23-9,0.02008463982,22-28,0.5010886813,15-2,0.0387801745
15-2,0.02005412077,7-12,0.5,6-7,0.03870552111
14-19,0.01999978005,12-19,0.4993026499,24-28,0.03853595337
27-9,0.01997076849,12-12,0.4987922705,6-8,0.0385273434
16-13,0.01993129696,17-24,0.4987681238,21-22,0.03844010189
24-28,0.01992491585,31-17,0.4980213429,16-13,0.0384209297
21-22,0.01990750569,6-15,0.4979096936,27-9,0.0383806033
8-25,0.01985963288,13-6,0.4975091708,10-11,0.03835941673
6-8,0.01981161371,8-4,0.4974914158,6-30,0.03804955087
10-11,0.01980536469,6-13,0.4974147658,8-25,0.03804595711
14-24,0.01975765995,31-24,0.4973856209,20-27,0.03800035323
6-30,0.01970017451,7-1,0.4973333333,24-7,0.0376797117
11-8,0.0195738017,7-4,0.4972692787,27-24,0.03733888866
24-7,0.01941409528,21-3,0.4971739601,19-31,0.03723469966
14-28,0.01936789778,24-15,0.4968081761,26-25,0.03706721105
20-0,0.01932589657,25-11,0.4964705724,29-2,0.03694034731
29-2,0.01921168295,18-19,0.4963840591,27-17,0.03683562852
27-24,0.01921124639,23-30,0.4953888275,16-12,0.03676683723
26-25,0.01917733382,16-31,0.4948346695,7-15,0.03676244224
19-15,0.01916829157,6-4,0.494663435,12-13,0.03669379486
7-15,0.01915045643,30-22,0.4942868847,12-18,0.03668797331
10-13,0.01908685067,6-14,0.4940671467,11-8,0.03668730681
12-13,0.01908310643,8-21,0.4940597195,19-15,0.03657171174
19-31,0.01907192472,21-19,0.4940320114,27-10,0.03656065383
27-17,0.01902419565,20-8,0.4935368401,10-13,0.0365255278
12-29,0.01902383419,17-0,0.4935329812,12-29,0.03650215357
16-12,0.01901333998,17-3,0.4933453917,17-30,0.03640162803
20-3,0.01899599585,31-6,0.4932081807,20-0,0.03618463618
17-30,0.0189524734,24-24,0.4929842822,20-3,0.036065574
27-10,0.01893827509,29-6,0.491964517,27-31,0.03601950105
8-29,0.01885589518,31-1,0.4918167039,11-15,0.03587351995
12-18,0.01875640555,7-13,0.491487339,21-17,0.0357080193
11-15,0.01868158385,6-7,0.4914024767,15-24,0.03565729909
27-31,0.0186640044,25-23,0.4905731523,31-27,0.03558667985
15-24,0.01866257814,27-29,0.4904737574,18-3,0.03557116141
28-23,0.01862772407,17-30,0.4901812272,10-23,0.03556404137
10-23,0.01852952209,31-26,0.4900554896,8-29,0.03554335227
18-23,0.01850976046,13-5,0.4896620327,26-24,0.03553426433
15-22,0.01840904992,30-1,0.4892356215,26-6,0.03552736984
21-17,0.01838158396,8-24,0.4892223444,20-4,0.03540841399
26-24,0.01837280918,11-16,0.4890021743,14-28,0.03524325028
26-6,0.01836268817,20-28,0.488990389,23-2,0.03503271067
31-27,0.01834386406,30-10,0.4889547187,20-16,0.0350031864
18-3,0.01824623377,27-6,0.4888310971,28-23,0.03493109565
20-4,0.01822759597,21-31,0.4885712629,23-10,0.03487804641
11-3,0.01821196793,16-30,0.4882860267,24-0,0.03485402119
20-16,0.01807660294,31-18,0.4879195543,15-22,0.03463133663
16-25,0.0180196175,19-8,0.4876903756,18-23,0.03431119149
23-2,0.01797581777,9-26,0.4872576755,21-7,0.03426113413
24-0,0.01794456732,8-6,0.4872093827,20-18,0.03424090853
16-2,0.01792305504,8-5,0.4866918827,25-8,0.03420894772
23-10,0.01792281455,17-5,0.4866142481,24-29,0.0341923695
12-5,0.01775606192,10-26,0.4865984405,14-16,0.03416814474
14-16,0.01775365339,29-21,0.4865958059,29-13,0.03415750053
5-6,0.01772747898,29-29,0.4864009508,5-6,0.03415481449
21-7,0.01769333684,8-23,0.4861111111,15-3,0.03400232829
15-3,0.01768197256,5-11,0.4849478085,16-25,0.03396584636
8-2,0.01763812223,10-22,0.4844815897,11-3,0.03386848304
20-18,0.01761710323,26-9,0.4844475475,21-9,0.03382754969
29-13,0.01760808737,23-27,0.4844115125,15-30,0.03378640669
24-29,0.01760059349,5-6,0.4843982461,9-26,0.03375657297
25-8,0.01756879179,13-24,0.4843404381,16-2,0.0336709662
26-30,0.01750951076,12-13,0.4834656893,10-14,0.03343423043
9-26,0.0174938676,26-17,0.4828768963,20-6,0.03336491711
21-9,0.01740419945,21-25,0.4828598401,25-27,0.03331570669
15-30,0.0172882434,21-10,0.4819492342,28-28,0.03328657367
11-23,0.01727804941,22-7,0.4818741463,11-23,0.03325157108
28-28,0.01723944905,22-17,0.4811729977,12-5,0.03314062086
18-26,0.01723029964,5-15,0.4806894591,8-23,0.03307465403
20-6,0.01719691779,12-30,0.4799463476,18-26,0.03306102446
10-14,0.01719630657,9-22,0.479893846,6-15,0.03302381036
8-23,0.01716165208,16-19,0.4786214371,8-2,0.03295709736
25-27,0.01712933977,11-31,0.478208441,17-3,0.03276924253
6-15,0.01710252821,12-29,0.4761165739,26-30,0.03272984509
7-28,0.01697871381,16-23,0.4759433879,28-31,0.03255612598
17-3,0.01697859625,27-21,0.4753252052,25-25,0.03249259858
28-31,0.01682629561,10-10,0.4749916876,7-28,0.03228794085
26-23,0.01669232761,22-5,0.4748925487,15-1,0.03228148436
25-25,0.01666067961,18-18,0.4746251106,24-12,0.03222542392
17-8,0.01660938426,23-28,0.4724822345,17-8,0.03222234212
15-1,0.01659551619,25-6,0.471815296,26-23,0.03217877171
24-12,0.01651944348,28-29,0.4715648884,23-16,0.03203331212
23-16,0.01651195383,10-23,0.4701814782,14-24,0.03151738997
22-11,0.01643096283,21-14,0.4690040927,19-7,0.03144572582
23-18,0.01623383771,10-15,0.4689905485,23-18,0.03140515344
6-4,0.01621197036,22-2,0.4684554459,6-4,0.03138793559
19-7,0.0161437204,31-11,0.467364532,23-0,0.03130259475
7-12,0.0161407634,23-17,0.4667102155,7-12,0.0312347334
23-0,0.01610154567,31-0,0.4662925697,25-0,0.03096609841
9-28,0.01608673787,11-15,0.4660185185,19-26,0.03093320302
13-25,0.01605115161,30-13,0.4656612762,13-25,0.03091085066
25-0,0.01593124115,15-29,0.4650015895,22-11,0.03072115424
16-23,0.01591473854,11-23,0.4649553821,16-23,0.03070324728
8-19,0.01590641707,14-16,0.4647848304,9-28,0.03059867543
26-3,0.01590499958,8-30,0.4635090887,17-20,0.03043792261
12-4,0.01585238584,26-21,0.4626523287,23-8,0.03034065454
19-26,0.01584045712,20-29,0.4625924538,8-22,0.03019058594
14-6,0.01579526929,17-7,0.462482009,8-19,0.03018751759
26-27,0.01571015529,22-8,0.4619896531,26-3,0.03000021429
17-20,0.01562048778,22-24,0.4618875039,14-6,0.0299054879
23-8,0.0156050345,27-11,0.4614322009,15-28,0.02985861014
8-22,0.0154839626,17-18,0.4610412094,12-4,0.02979978338
15-28,0.01530789704,22-16,0.4609031491,12-17,0.02965921664
28-24,0.01526322484,7-15,0.4608773139,29-12,0.02957924125
6-13,0.01523728198,8-25,0.4607617529,6-13,0.02950584879
29-12,0.01522877183,25-1,0.4603576579,26-27,0.02948740008
12-17,0.01520029868,8-15,0.4596209484,28-24,0.02945026305
22-17,0.01514624185,28-24,0.4591450705,22-17,0.02932798654
8-31,0.0151359043,15-3,0.4586390518,8-31,0.02923540048
7-1,0.01483586573,12-7,0.4549952259,7-1,0.02880823193
22-7,0.01477963596,17-12,0.4527424923,22-7,0.02864724855
28-30,0.01477828406,21-15,0.4525151165,8-21,0.02856255548
8-21,0.01473212142,20-12,0.4499264036,17-18,0.02850414391
17-18,0.01470740235,17-23,0.4494408416,28-30,0.02833511219
27-13,0.0146950559,18-16,0.4493516753,29-15,0.02830873979
12-6,0.01464492931,22-4,0.4491541478,26-21,0.02814838457
16-17,0.01457024662,28-9,0.447737721,16-17,0.02810825108
29-15,0.0145190916,20-14,0.4475759157,7-5,0.0281069166
26-21,0.0145183398,26-23,0.4470407824,27-13,0.02810341219
18-25,0.01447654414,29-30,0.4464684424,7-2,0.02793123616
12-20,0.01443985897,8-31,0.4448601964,12-6,0.02791796392
7-5,0.01432541169,10-29,0.4420020414,18-25,0.0278623877
27-15,0.01430159186,25-2,0.4410091028,15-31,0.02773000893
29-25,0.01424116641,22-18,0.4366479528,29-25,0.02767668132
26-18,0.01421407502,17-2,0.4363045799,25-9,0.02754689347
7-2,0.0141889722,16-21,0.4350617022,12-20,0.0275425865
10-10,0.01413901232,22-29,0.4341137158,27-15,0.02753552267
23-29,0.01413887411,10-13,0.4340326926,23-29,0.02752623852
15-31,0.01412765365,29-19,0.4319596549,20-5,0.0275072932
25-9,0.01409850645,28-21,0.4318795844,28-22,0.02744514449
28-22,0.01406550837,24-3,0.4308601182,10-10,0.02743217216
17-7,0.01402544623,22-6,0.430190216,17-7,0.0271459596
20-5,0.01402528499,15-27,0.4291251204,26-18,0.02706712416
23-31,0.01384395261,15-14,0.4288105126,23-31,0.02697503687
29-5,0.01375533313,21-13,0.4285486629,29-5,0.02679828526
31-22,0.01375523704,8-8,0.4284937321,21-18,0.02677594607
19-8,0.01375464879,10-8,0.4275607029,19-8,0.02675309099
25-10,0.01371920401,29-23,0.4272462183,25-10,0.02671843532
21-18,0.01370104628,13-4,0.4267024274,18-7,0.0266493839
18-7,0.01358227402,13-25,0.4266058016,31-22,0.02651135901
23-17,0.0134923019,13-21,0.4265459894,23-17,0.0261934908
27-25,0.01334315198,19-14,0.424558222,27-25,0.02614769536
29-3,0.01325997858,21-1,0.4214241143,29-3,0.02590440068
29-0,0.01325431046,18-26,0.4201926082,29-0,0.02587176228
20-28,0.01325415572,31-13,0.4200548204,20-28,0.02576354462
16-21,0.01320112438,8-7,0.4185423559,16-21,0.02551257722
20-29,0.01308131772,24-1,0.417699026,20-29,0.02543669087
16-7,0.01305897894,15-24,0.416969697,24-15,0.02532525437
24-15,0.01299399236,13-19,0.4165141657,29-7,0.02517957835
18-14,0.0129577594,23-19,0.4163071895,16-7,0.02510182846
11-6,0.01293046124,30-15,0.4146182826,28-7,0.02508251469
29-7,0.0129047145,16-17,0.4134875912,28-4,0.02507108476
28-7,0.01282651161,26-14,0.4127414945,11-6,0.02484501909
28-4,0.0128118595,18-2,0.4088369564,25-24,0.02483412514
11-27,0.0127280079,29-20,0.4084741275,27-26,0.0247169681
25-24,0.01268138665,30-14,0.4069713185,21-16,0.02469343185
7-8,0.01267621629,19-2,0.4052555956,18-14,0.02448193652
27-26,0.01260461186,8-16,0.4045999347,10-22,0.02445889774
21-16,0.01258501799,19-13,0.3986573352,7-8,0.02438669727
10-22,0.01255701054,19-15,0.3975430775,22-24,0.0243427628
22-24,0.01250611933,17-21,0.39668593,30-10,0.02428341257
30-10,0.01245283512,15-16,0.396418631,11-27,0.02420812458
29-19,0.01244044368,11-14,0.3957142395,29-19,0.02412620546
16-30,0.01221465111,27-7,0.3946192455,16-30,0.02380222726
5-11,0.01218673958,20-31,0.3939259648,26-26,0.02375767827
26-26,0.01216591291,18-8,0.3934968231,5-11,0.02375567461
12-30,0.01215653745,22-31,0.3925455258,12-30,0.02369679483
21-19,0.01215006363,18-9,0.3920209952,21-19,0.02366537113
17-4,0.01211750901,25-12,0.3898515051,10-26,0.02341676965
14-0,0.01210981459,19-3,0.3884376699,29-24,0.02328282703
10-26,0.01200536997,1-9,0.3880550992,17-4,0.0232198929
11-2,0.01197889767,27-5,0.3845613771,26-1,0.02320594041
15-12,0.01195546452,30-26,0.3827797163,26-5,0.02315412264
29-24,0.0119416629,11-1,0.3822441567,15-12,0.02303756084
26-1,0.01186599965,18-25,0.3788857706,13-24,0.02299722888
26-5,0.0118452362,29-9,0.3787818932,11-2,0.02295157074
13-24,0.01177831411,14-4,0.3763128672,24-31,0.02284920576
28-5,0.01167235564,26-7,0.3756856468,28-5,0.02277070343
24-31,0.01166995664,17-25,0.3740246269,14-0,0.02269753061
11-25,0.0115391393,27-15,0.373191224,20-7,0.02264752647
20-7,0.01150549695,31-19,0.37308088,12-19,0.02232048219
12-19,0.01143517693,16-7,0.3719343181,11-25,0.02209842258
27-14,0.01116811944,13-30,0.3696424557,27-14,0.02192072684
30-20,0.01110725443,11-8,0.3685469949,26-8,0.02162146434
23-19,0.01109635091,31-22,0.3676221687,31-3,0.02156643032
26-8,0.01106809934,18-28,0.367548934,23-19,0.02156088271
31-3,0.01105957405,20-30,0.3672956841,29-14,0.02148355443
29-14,0.01096988391,30-17,0.3666655058,23-30,0.0213766249
23-30,0.01092533958,28-30,0.3653985249,31-5,0.02108397976
31-5,0.01075309512,28-10,0.3648677249,24-1,0.02082713142
24-1,0.01068384472,20-3,0.3636473581,30-20,0.02078596947
10-17,0.01064288793,13-17,0.357605708,10-17,0.02058101636
15-26,0.01060304838,27-16,0.3565002126,24-5,0.02049212605
17-2,0.01048913358,24-20,0.3545278675,17-2,0.02043395557
30-16,0.01044672404,16-0,0.3532099537,25-11,0.02039496248
25-11,0.01044284695,27-13,0.3529905914,30-16,0.02019208606
24-5,0.0104227384,20-26,0.3506784076,23-11,0.02014534971
25-1,0.01025925494,13-31,0.350588996,25-1,0.02007115341
23-11,0.01022878218,30-21,0.3393364291,5-28,0.01965659835
5-28,0.01013280716,1-7,0.3369210937,29-18,0.01961361485
30-9,0.01009208096,26-3,0.3335373919,30-9,0.01943556415
29-18,0.01000674342,22-10,0.3326713885,22-16,0.01941041704
15-21,0.009995307191,31-25,0.3313953488,26-16,0.01915721891
22-16,0.009939584828,16-22,0.3303255064,29-29,0.0191275678
13-3,0.009889470622,14-8,0.3298788265,29-4,0.01900243765
14-21,0.009855258428,5-28,0.3297297297,25-23,0.0189741389
29-29,0.009793765989,16-25,0.3286454923,8-13,0.01883461978
13-1,0.009782285896,7-28,0.3283892698,14-21,0.0187305092
26-16,0.009762910297,18-0,0.327949588,15-21,0.01869438869
25-23,0.009755383265,24-13,0.3266598644,27-8,0.01835211247
8-13,0.009702149235,7-8,0.3233154373,27-27,0.01834857719
29-4,0.00967590669,14-10,0.3226200721,21-10,0.01796659241
27-8,0.009480817794,10-0,0.3217408585,30-5,0.01792909144
27-27,0.009303359085,8-13,0.3207797271,13-3,0.01771756123
23-25,0.009298998569,29-8,0.3182447398,28-10,0.01771119837
21-10,0.009158082518,19-23,0.3176284892,31-1,0.01770198086
30-5,0.009110431692,30-23,0.317272744,13-1,0.01768035968
28-10,0.009099773932,11-6,0.3164502165,25-29,0.0175964574
31-1,0.009043430399,28-8,0.316053754,26-7,0.01740841404
25-29,0.008942568599,15-12,0.3160306959,26-11,0.01738725693
21-2,0.00892541699,10-25,0.3147473896,25-28,0.01737289
26-7,0.008912718787,9-28,0.3128532826,15-26,0.01735828587
26-11,0.008877105881,10-17,0.3113393506,10-15,0.01726129002
25-28,0.008827156094,16-8,0.3101172464,22-5,0.01708150837
10-15,0.008795864266,8-29,0.3099272068,21-2,0.01699057223
22-5,0.008700966706,30-16,0.3091051628,25-30,0.01669999689
31-23,0.008534995445,12-10,0.3066343341,31-23,0.01654907893
25-30,0.008476655028,29-11,0.306377332,10-25,0.01650572636
10-25,0.008476547829,14-22,0.3058440652,16-31,0.01639813482
16-31,0.008337418262,15-22,0.3004603712,29-27,0.01636899802
29-27,0.008319897248,12-20,0.3002505503,30-17,0.01618941986
30-17,0.008294442192,12-6,0.2986624785,23-25,0.01610904585
25-20,0.008076833867,8-19,0.2954545455,25-20,0.01590900167
11-31,0.007932978466,30-30,0.2945686656,11-31,0.01560521347
20-21,0.00783960944,26-18,0.2941775066,20-21,0.01546601003
10-27,0.007817299211,31-16,0.293277348,10-27,0.01521246002
28-8,0.007798571525,28-20,0.2931966732,28-8,0.01520620709
12-3,0.007758907759,20-27,0.2930369417,12-3,0.01481057717
20-8,0.007483678536,14-25,0.2916753425,16-29,0.01477262387
16-29,0.00746474914,28-23,0.2915623591,20-8,0.01474120774
31-18,0.007455608394,14-30,0.2911631188,31-18,0.01466925759
13-2,0.00740911088,14-6,0.287638006,14-10,0.01447795939
14-10,0.007406682163,20-0,0.2869734905,31-11,0.01432478011
14-1,0.007344957527,27-8,0.2858156028,30-4,0.01427225556
31-11,0.00728276478,21-8,0.284816536,13-2,0.01419218724
30-4,0.007235248557,16-2,0.284460974,29-1,0.01409871312
31-0,0.00715668813,10-27,0.2821846847,31-0,0.01408182297
29-1,0.007146837132,10-30,0.2818324989,26-10,0.01357134011
17-6,0.006981365125,20-23,0.2813549895,30-22,0.01342159457
26-10,0.006966677237,11-2,0.277476964,31-13,0.01339658461
12-2,0.006948339253,17-4,0.2771895425,29-26,0.01331549457
31-13,0.006823459259,21-12,0.2766994693,12-2,0.01331422772
31-30,0.006820428574,1-27,0.276075932,31-30,0.01327239305
30-22,0.00681642037,26-30,0.2722227303,10-30,0.01320070401
17-31,0.006771626883,14-29,0.2684835051,29-8,0.01314463511
29-26,0.006768532662,11-25,0.2675139762,14-11,0.01312210953
10-30,0.006758894396,26-10,0.2625790425,25-31,0.01307589067
29-8,0.006713689505,30-9,0.2624376327,14-1,0.01302304513
14-11,0.006638931346,30-2,0.2574555964,17-6,0.01297988118
25-31,0.006623086298,11-27,0.2563323469,27-29,0.01294164376
13-11,0.006617038875,1-26,0.2562236162,30-7,0.01262766057
27-29,0.006575433805,30-19,0.255673345,31-19,0.01261958154
31-19,0.006436476308,15-11,0.2553772945,13-11,0.01237084417
30-7,0.006397161544,12-4,0.2547976637,29-30,0.01236087117
13-10,0.006271777003,12-5,0.25203141,12-12,0.0121863363
29-30,0.006270203324,31-30,0.2519269942,5-30,0.01194616664
5-30,0.006196078431,11-3,0.251581831,28-9,0.01188749755
12-12,0.006174663152,8-2,0.2507464861,9-24,0.01185116183
9-24,0.006149962402,15-20,0.2492621806,29-6,0.01183552759
28-9,0.006036224433,1-23,0.2468924185,17-31,0.01177336277
29-6,0.005995485503,26-27,0.2432096222,31-4,0.01171535412
31-4,0.00592587487,22-11,0.238975456,17-5,0.01164882173
15-10,0.005924393455,18-23,0.2370043754,13-10,0.0115755627
17-5,0.005897222168,17-27,0.2368792347,15-10,0.0111484693
14-13,0.005895428627,16-26,0.2331585066,31-8,0.01107949757
31-8,0.005590818262,27-28,0.2303921569,14-13,0.01085312695
31-17,0.005330953582,1-22,0.2298265541,31-17,0.01053454759
19-20,0.005247507434,22-27,0.2262842466,23-28,0.01036098158
23-28,0.005239129507,13-12,0.2253389736,16-22,0.01016879289
15-25,0.005219206681,25-17,0.2239513858,19-20,0.01016260163
16-22,0.00516661941,18-22,0.2232057789,31-10,0.01007755787
31-10,0.005079820263,18-14,0.2223541007,15-25,0.01007049345
18-11,0.005045546283,21-2,0.2158180275,31-6,0.009746794065
31-20,0.004991319457,1-14,0.2044010092,18-11,0.009682315382
31-6,0.004925033064,13-16,0.1990243915,31-20,0.009633994092
7-9,0.004818876703,14-28,0.1983727304,7-9,0.009365628604
28-26,0.004710729518,1-12,0.1975578344,28-26,0.009351037655
16-5,0.004677161761,14-21,0.1887241689,10-0,0.009048570729
31-29,0.004622414946,31-29,0.1824426329,16-5,0.009041790716
10-0,0.004588918932,14-0,0.1812337906,31-29,0.009012968148
29-22,0.004455743262,13-2,0.170855062,31-26,0.008719874609
31-26,0.004400479127,5-30,0.1659663866,29-22,0.008616132784
31-16,0.004142793573,7-9,0.1658496732,26-9,0.008194391182
26-9,0.004136581683,9-31,0.1635802469,31-16,0.008163053262
24-13,0.00411840388,16-28,0.1632653061,24-13,0.008132413332
30-19,0.004002797402,12-3,0.1624825662,30-19,0.007881865218
31-9,0.003963824469,9-24,0.1624113475,31-9,0.007866019842
25-22,0.003854803295,30-20,0.1616161616,25-22,0.007658024398
11-16,0.003789708433,19-20,0.1604278075,11-16,0.007520287702
9-31,0.003770095319,31-14,0.1604166667,9-31,0.007370324016
16-28,0.003578350977,11-10,0.1600877193,16-28,0.007003209804
11-10,0.003440312927,12-2,0.1588319088,11-10,0.006735870819
15-9,0.00340440336,16-6,0.155,15-9,0.006632776567
22-19,0.003286456741,1-4,0.1467065868,22-19,0.006427503737
26-17,0.003194274649,22-19,0.1452702703,26-17,0.006344826555
16-4,0.003102131721,15-21,0.1441724235,1-2,0.006106468127
1-2,0.003069224435,15-25,0.1428571429,31-24,0.006080227865
31-24,0.003060817956,31-20,0.1379695356,16-4,0.00604557433
29-16,0.003022095152,1-1,0.1373015873,30-23,0.005892899808
30-23,0.002976182481,16-5,0.1353135314,29-16,0.005883932713
31-21,0.002624671916,29-22,0.129984051,31-21,0.004993359894
27-28,0.002392848246,15-9,0.1282771536,27-28,0.004736402386
31-25,0.002355053342,1-17,0.1262626263,31-25,0.004676169353
16-6,0.002171172433,1-25,0.1228710462,16-6,0.004282359442
14-8,0.002037845985,14-5,0.1213110942,14-8,0.0040506648
30-6,0.001875881186,18-11,0.1195090439,30-6,0.003674835569
0-2,0.001828913884,16-4,0.1181818182,0-2,0.003644580567
9-11,0.001709830736,29-16,0.1109576427,9-11,0.003409381716
1-9,0.001577996135,13-11,0.09482758621,1-9,0.003139973189
14-26,0.001518465094,15-10,0.09431137725,14-26,0.003028423685
29-31,0.00140390285,17-6,0.09219858156,1-12,0.002775604509
13-8,0.001397959619,13-1,0.09219204114,29-31,0.002737850787
1-12,0.001397737633,30-6,0.08961187215,13-8,0.002737035644
1-23,0.0007744589323,13-3,0.085,1-23,0.001544066588
1-7,0.0007234689529,14-24,0.07785888078,1-7,0.001443349411
1-14,0.0005902890865,13-10,0.075,1-14,0.001177062147
1-22,0.0003929702406,14-13,0.06823266219,1-22,0.0007845929494
1-27,7.84E-05,13-8,0.06498015873,1-27,0.00015663978
1-25,6.46E-05,23-25,0.06018518519,1-25,0.00012921905
31-14,4.91E-05,14-1,0.05738522954,31-14,9.82E-05
1-26,2.21E-05,29-31,0.05494505495,1-26,4.42E-05
1-1,1.38E-05,31-21,0.05119825708,1-1,2.76E-05
1-17,5.95E-06,15-26,0.04783258595,1-17,1.19E-05
1-4,5.85E-06,17-31,0.04504504505,1-4,1.17E-05
1-16,0,1-16,0,1-16,0
1-3,0,1-3,0,1-3,0
14-7,0,14-7,0,14-7,0
1-18,0,1-18,0,1-18,0
1-21,0,1-21,0,1-21,0
17-28,0,17-28,0,17-28,0
15-5,0,15-5,0,15-5,0
12-26,0,12-26,0,12-26,0
10-18,0,10-18,0,10-18,0
31-7,0,31-7,0,31-7,0
31-12,0,31-12,0,31-12,0
31-15,0,31-15,0,31-15,0
13-15,0,13-15,0,13-15,0
31-28,0,31-28,0,31-28,0
11-18,0,11-18,0,11-18,0
12-0,0,12-0,0,12-0,0
1-31,0,1-31,0,1-31,0
1-29,0,1-29,0,1-29,0
12-11,0,12-11,0,12-11,0
13-7,0,13-7,0,13-7,0
1-19,0,1-19,0,1-19,0
12-27,0,12-27,0,12-27,0
14-9,0,14-9,0,14-9,0
12-8,0,12-8,0,12-8,0
11-26,0,11-26,0,11-26,0
13-22,0,13-22,0,13-22,0
0-9,0,0-9,0,0-9,0
16-27,0,16-27,0,16-27,0
10-19,0,10-19,0,10-19,0
9-3,0,9-3,0,9-3,0
15-6,0,15-6,0,15-6,0
8-0,0,8-0,0,8-0,0
11-0,0,11-0,0,11-0,0
21-11,0,21-11,0,21-11,0
28-0,0,28-0,0,28-0,0
13-14,0,13-14,0,13-14,0
12-23,0,12-23,0,12-23,0
13-9,0,13-9,0,13-9,0
1-10,0,1-10,0,1-10,0
1-15,0,1-15,0,1-15,0
29-28,0,29-28,0,29-28,0
14-12,0,14-12,0,14-12,0
15-8,0,15-8,0,15-8,0
1-30,0,1-30,0,1-30,0
10-1,0,10-1,0,10-1,0
9-8,0,9-8,0,9-8,0
12-15,0,12-15,0,12-15,0
12-28,0,12-28,0,12-28,0
8-18,0,8-18,0,8-18,0
15-0,0,15-0,0,15-0,0
16-3,0,16-3,0,16-3,0
13-28,0,13-28,0,13-28,0
9-0,0,9-0,0,9-0,0
28-18,0,28-18,0,28-18,0
0-11,0,0-11,0,0-11,0
18-24,0,18-24,0,18-24,0
1-6,0,1-6,0,1-6,0
31-31,0,31-31,0,31-31,0
0-26,0,0-26,0,0-26,0
5-31,0,5-31,0,5-31,0
1-8,0,1-8,0,1-8,0
5-4,0,5-4,0,5-4,0
8-20,0,8-20,0,8-20,0
9-1,0,9-1,0,9-1,0
5-17,0,5-17,0,5-17,0
0-0,0,0-0,0,0-0,0
11-17,0,11-17,0,11-17,0
0-1,0,0-1,0,0-1,0
16-18,0,16-18,0,16-18,0
26-19,0,26-19,0,26-19,0
1-28,0,1-28,0,1-28,0
17-14,0,17-14,0,17-14,0
1-20,0,1-20,0,1-20,0
0-25,0,0-25,0,0-25,0
14-3,0,14-3,0,14-3,0
15-7,0,15-7,0,15-7,0
9-18,0,9-18,0,9-18,0
16-16,0,16-16,0,16-16,0
10-9,0,10-9,0,10-9,0
12-24,0,12-24,0,12-24,0
12-21,0,12-21,0,12-21,0
13-0,0,13-0,0,13-0,0
14-14,0,14-14,0,14-14,0
9-29,0,9-29,0,9-29,0
0-23,0,0-23,0,0-23,0
16-24,0,16-24,0,16-24,0
14-2,0,14-2,0,14-2,0
13-13,0,13-13,0,13-13,0
0-24,0,0-24,0,0-24,0
7-11,0,7-11,0,7-11,0
7-10,0,7-10,0,7-10,0
13-23,0,13-23,0,13-23,0
10-20,0,10-20,0,10-20,0
12-9,0,12-9,0,12-9,0
14-23,0,14-23,0,14-23,0
1-13,0,1-13,0,1-13,0
10-16,0,10-16,0,10-16,0
15-23,0,15-23,0,15-23,0
11-24,0,11-24,0,11-24,0
30-18,0,30-18,0,30-18,0
12-16,0,12-16,0,12-16,0
12-25,0,12-25,0,12-25,0
1-5,0,1-5,0,1-5,0
9-2,0,9-2,0,9-2,0
12-31,0,12-31,0,12-31,0
0-7,0,0-7,0,0-7,0
1-0,0,1-0,0,1-0,0
11-19,0,11-19,0,11-19,0
25-18,0,25-18,0,25-18,0
9-10,0,9-10,0,9-10,0
1-11,0,1-11,0,1-11,0
11-9,0,11-9,0,11-9,0
0-6,0,0-6,0,0-6,0
15-4,0,15-4,0,15-4,0
13-29,0,13-29,0,13-29,0
11-11,0,11-11,0,11-11,0
1-24,0,1-24,0,1-24,0
10-24,0,10-24,0,10-24,0
0-10,0,0-10,0,0-10,0
17-13,0,17-13,0,17-13,0
9-9,0,9-9,0,9-9,0